{
  "tag": {
    "dict": "DICT_6X6_50",
    "id": 5,
    "size_m": 0.05,
    "T_world_tag": [
      [
        -0.030912988291905814,
        -0.9994223529560663,
        0.014119049777670319,
        -0.4902
      ],
      [
        0.0020608658861268254,
        0.014062039137877574,
        0.9998990008431273,
        0.5286
      ],
      [
        -0.9995199547716214,
        0.03093896357418324,
        0.0016249757818102297,
        -0.27999999999999997
      ],
      [
        0.0,
        0.0,
        0.0,
        1.0
      ]
    ]
  },
  "cameras": {
    "f1380660": {
      "T_world_camera": [
        [
          0.995188199382184,
          0.006719009555279272,
          -0.09775122874440814,
          -0.4401541643468884
        ],
        [
          -0.07293790461994124,
          -0.6153588986347062,
          -0.784865267380799,
          1.1758516780104453
        ],
        [
          -0.06542560569148664,
          0.7882184220009558,
          -0.611907843827994,
          0.08649199661358002
        ],
        [
          0.0,
          0.0,
          0.0,
          1.0
        ]
      ],
      "num_samples": 30,
      "used_frames": 30,
      "reproj_error_mean_px": 0.20876141786575317,
      "reproj_error_std_px": 0.05909142744308501,
      "rot_error_mean_deg": 0.5204374656222612,
      "rot_error_std_deg": 0.35458385127572695,
      "translation_std_m": [
        0.004744990443022593,
        0.004097148702598513,
        0.005009500979816371
      ]
    },
    "f1371463": {
      "T_world_camera": [
        [
          0.9978304386013861,
          0.055638118952380064,
          -0.03519681121929199,
          -0.5159769355501105
        ],
        [
          -0.02826156222914764,
          -0.12085950453843058,
          -0.9922672342988521,
          1.5065384164190834
        ],
        [
          -0.059461751579765014,
          0.9911091664807494,
          -0.11902487226164299,
          -0.012298330471661956
        ],
        [
          0.0,
          0.0,
          0.0,
          1.0
        ]
      ],
      "num_samples": 30,
      "used_frames": 30,
      "reproj_error_mean_px": 0.052365127950906754,
      "reproj_error_std_px": 0.0,
      "rot_error_mean_deg": 1.2074182697257331e-06,
      "rot_error_std_deg": 2.117582368135751e-22,
      "translation_std_m": [
        0.0,
        4.440892098500626e-16,
        0.0
      ]
    }
  }
}